{
  "gist_unscaled.txt": [
    {
      "selectivity": 64,
      "epsilon": 0.4736328125,
      "iteration": 0,
      "results": {
        "TFLOPS": 46.93418884277344,
        "pairsFound": 64914576,
        "pairsStored": 64914576,
        "inputProblemShape": {
          "m": 1000000,
          "n": 1000000,
          "k": 960
        },
        "paddedProblemShape": {
          "m": 1000448,
          "n": 1000448,
          "k": 960
        }
      }
    },
    {
      "selectivity": 128,
      "epsilon": 0.529296875,
      "iteration": 0,
      "results": {
        "TFLOPS": 46.92058563232422,
        "pairsFound": 128651604,
        "pairsStored": 128651604,
        "inputProblemShape": {
          "m": 1000000,
          "n": 1000000,
          "k": 960
        },
        "paddedProblemShape": {
          "m": 1000448,
          "n": 1000448,
          "k": 960
        }
      }
    },
    {
      "selectivity": 256,
      "epsilon": 0.59375,
      "iteration": 0,
      "results": {
        "TFLOPS": 46.891571044921875,
        "pairsFound": 256918316,
        "pairsStored": 256918316,
        "inputProblemShape": {
          "m": 1000000,
          "n": 1000000,
          "k": 960
        },
        "paddedProblemShape": {
          "m": 1000448,
          "n": 1000448,
          "k": 960
        }
      }
    }
  ]
}
