{"sift10m.txt": [{"selectivity": 64, "epsilon": 122.5, "iteration": 0, "results": {"TFLOPS": 23.172767639160156, "pairsFound": 648401052, "pairsStored": 648401052, "inputProblemShape": {"m": 10000000, "n": 10000000, "k": 128}, "paddedProblemShape": {"m": 10000384, "n": 10000384, "k": 128}}}, {"selectivity": 128, "epsilon": 136.5, "iteration": 0, "results": {"TFLOPS": 23.17532730102539, "pairsFound": 1294445786, "pairsStored": 1294445786, "inputProblemShape": {"m": 10000000, "n": 10000000, "k": 128}, "paddedProblemShape": {"m": 10000384, "n": 10000384, "k": 128}}}, {"selectivity": 256, "epsilon": 152.5, "iteration": 0, "results": {"TFLOPS": 23.170068740844727, "pairsFound": 2593116202, "pairsStored": 1977311232, "inputProblemShape": {"m": 10000000, "n": 10000000, "k": 128}, "paddedProblemShape": {"m": 10000384, "n": 10000384, "k": 128}}}]}