{
  "tiny5m.txt": [
    {
      "selectivity": 64,
      "epsilon": 0.18310546875,
      "iteration": 0,
      "results": {
        "TFLOPS": 38.44465637207031,
        "pairsFound": 323861818,
        "pairsStored": 323861818,
        "inputProblemShape": {
          "m": 5000000,
          "n": 5000000,
          "k": 384
        },
        "paddedProblemShape": {
          "m": 5000192,
          "n": 5000192,
          "k": 384
        }
      }
    },
    {
      "selectivity": 128,
      "epsilon": 0.20458984375,
      "iteration": 0,
      "results": {
        "TFLOPS": 38.439300537109375,
        "pairsFound": 646254828,
        "pairsStored": 646254828,
        "inputProblemShape": {
          "m": 5000000,
          "n": 5000000,
          "k": 384
        },
        "paddedProblemShape": {
          "m": 5000192,
          "n": 5000192,
          "k": 384
        }
      }
    },
    {
      "selectivity": 256,
      "epsilon": 0.2275390625,
      "iteration": 0,
      "results": {
        "TFLOPS": 38.42913055419922,
        "pairsFound": 1291260236,
        "pairsStored": 1291260236,
        "inputProblemShape": {
          "m": 5000000,
          "n": 5000000,
          "k": 384
        },
        "paddedProblemShape": {
          "m": 5000192,
          "n": 5000192,
          "k": 384
        }
      }
    }
  ]
}
