{
  "total_distances": 64908684,
  "mean_error": -1.6740657095398772e-06,
  "max_error": 0.0117188,
  "min_error": -0.0009330900000000006
}