{
  "total_distances": 648401052,
  "mean_error": 2.6024263456967287e-06,
  "max_error": 0.0005029999999948132,
  "min_error": -0.0005009999999998627
}