{
  "total_distances": 323830700,
  "mean_error": -1.515331092559786e-07,
  "max_error": 0.00308816,
  "min_error": -0.0014204379999999998
}