{
  "total_distances": 3925240,
  "mean_error": -5.230330056251052e-07,
  "max_error": 0.00218366,
  "min_error": -0.000156000000000045
}